{"betx": 120.25365963537061, "bety": 237.33957519337977, "alfx": 2.211320895607609, "alfy": -2.795061472202947, "dx": 0.10823989923964576, "dy": 0.24222426092973415, "dpx": -0.019002725153498965, "dpy": 0.002761303888997519, "RR_madx": [[1.7511301996182487, 113.52207086556764, -0.0307715970708371, 2.3028833802279705, 2.1778440892572628e-05, 2.077021120915467], [-0.04615724408308253, -2.421208639317508, 0.0007523264040219818, -0.0558720899927798, -9.067226499432444e-08, -0.06004418390478947], [0.0023800440222965583, 0.12961079114079818, -2.9667147118627604, 220.62319643831265, -6.959541043997136e-05, 0.35383219158762996], [6.242263475790919e-05, -0.002164413419119069, -0.034572025965201765, 2.233911343110003, -1.0038728637015872e-06, 0.00491909287483734], [0.009276689429429828, 1.7853663241798814, 0.0020702970917560472, -0.27196472762159535, 0.9998451091360887, -9.2577690950681], [1.02663966491293e-06, 7.643913488379335e-05, 5.983889910902401e-07, -7.023107076665897e-05, 1.9195609743861008e-05, 0.9999782854620755]], "particle_on_madx_co": {"start_tracking_at_element": -1, "q0": 1.0, "mass0": 938272088.16, "s": [0.0], "zeta": [5.483268072457578e-06], "chi": [1.0], "charge_ratio": [1.0], "weight": [1.0], "particle_id": [0], "at_element": [0], "at_turn": [0], "state": [1], "parent_particle_id": [0], "_rng_s1": [0], "_rng_s2": [0], "_rng_s3": [0], "_rng_s4": [0], "x": [5.555012040543503e-07], "y": [9.136444664814956e-07], "px": [-8.52647206485622e-08], "py": [1.0082502458020783e-08], "delta": [4.441950397060523e-06], "ptau": [4.441950357206019e-06], "rvv": [1.00000000000008], "rpp": [0.9999955580693338], "p0c": [6999999937117.534], "beta0": [0.9999999910167907], "gamma0": [7460.522473526161]}}